{"train_losses": [0.4193302773196122, 0.348275082892385, 0.3274487267280447, 0.31593797381581934, 0.3147144841736761, 0.30105848970084353, 0.2854825047583416, 0.28620323333246955, 0.27962846745704784, 0.269312283088421, 0.25840989474592535, 0.25588636562742034, 0.2579565135569408, 0.25551377288226423, 0.25149017572402954, 0.2385710991662124, 0.23690354978216105, 0.22671559196093988, 0.2210557871851428, 0.22445621418541875, 0.21448733991590038, 0.2102803022697054, 0.21887750255650487, 0.20137868770237627, 0.21420206951683965, 0.2049360922698317, 0.20833297330757666, 0.19803734226473446, 0.19905027695770922, 0.1916190724948357], "val_losses": [0.5752764232456684, 0.297132283449173, 0.3055536448955536, 0.26167731545865536, 0.2814580127596855, 0.29098058864474297, 0.25738932006061077, 0.2758518811315298, 0.23686148412525654, 0.24268530867993832, 0.2449654471129179, 0.2286578556522727, 0.24892504513263702, 0.2576899938285351, 0.2687158640474081, 0.2286087665706873, 0.2247653342783451, 0.23345569521188736, 0.22484979033470154, 0.2178796548396349, 0.21525739692151546, 0.2151657920330763, 0.22371519170701504, 0.21081483736634254, 0.20154118165373802, 0.2049370612949133, 0.2079167477786541, 0.21501302905380726, 0.2034333050251007, 0.20886294730007648], "ious": [0.45190077647566795, 0.6914670839905739, 0.6900048851966858, 0.7287684306502342, 0.730432040989399, 0.7038893923163414, 0.7326415851712227, 0.7079745382070541, 0.7542259693145752, 0.7410066276788712, 0.7428956553339958, 0.758461594581604, 0.7323115542531013, 0.7129113003611565, 0.7111662551760674, 0.7473388090729713, 0.7493794709444046, 0.7463952228426933, 0.7488821446895599, 0.7590088322758675, 0.7610485106706619, 0.7582194730639458, 0.754025362432003, 0.7708115875720978, 0.7755501568317413, 0.7711089178919792, 0.7698321714997292, 0.7607644200325012, 0.7706277966499329, 0.7661788985133171], "dices": [0.5966901369392872, 0.8028718680143356, 0.8043434545397758, 0.8306158483028412, 0.831942580640316, 0.8128539025783539, 0.8330046832561493, 0.818383701145649, 0.8509397134184837, 0.8390657603740692, 0.8416764959692955, 0.8518690690398216, 0.833261176943779, 0.8208659887313843, 0.8179412484169006, 0.8454289212822914, 0.8454412892460823, 0.8430287390947342, 0.8470337837934494, 0.85382329672575, 0.8545047789812088, 0.8517198413610458, 0.8494073152542114, 0.8603194504976273, 0.8658322915434837, 0.861774630844593, 0.8617159500718117, 0.856195755302906, 0.8620181828737259, 0.8582980409264565]}